{"openapi":"3.1.0","info":{"title":"Healthy v2 API","version":"2.0"},"paths":{"/auth/register":{"post":{"tags":["auth"],"summary":"Register","operationId":"register_auth_register_post","requestBody":{"content":{"application/json":{"schema":{"$ref":"#/components/schemas/UserCreate"}}},"required":true},"responses":{"200":{"description":"Successful Response","content":{"application/json":{"schema":{"$ref":"#/components/schemas/Token"}}}},"422":{"description":"Validation Error","content":{"application/json":{"schema":{"$ref":"#/components/schemas/HTTPValidationError"}}}}}}},"/auth/token":{"post":{"tags":["auth"],"summary":"Login","operationId":"login_auth_token_post","requestBody":{"content":{"application/x-www-form-urlencoded":{"schema":{"$ref":"#/components/schemas/Body_login_auth_token_post"}}},"required":true},"responses":{"200":{"description":"Successful Response","content":{"application/json":{"schema":{"$ref":"#/components/schemas/Token"}}}},"422":{"description":"Validation Error","content":{"application/json":{"schema":{"$ref":"#/components/schemas/HTTPValidationError"}}}}}}},"/users/me":{"get":{"tags":["users"],"summary":"Read Users Me","operationId":"read_users_me_users_me_get","responses":{"200":{"description":"Successful Response","content":{"application/json":{"schema":{}}}}},"security":[{"OAuth2PasswordBearer":[]}]}},"/users/link-account":{"post":{"tags":["users"],"summary":"Link Account","operationId":"link_account_users_link_account_post","requestBody":{"content":{"application/json":{"schema":{"$ref":"#/components/schemas/LinkedAccountCreate"}}},"required":true},"responses":{"200":{"description":"Successful Response","content":{"application/json":{"schema":{}}}},"422":{"description":"Validation Error","content":{"application/json":{"schema":{"$ref":"#/components/schemas/HTTPValidationError"}}}}},"security":[{"OAuth2PasswordBearer":[]}]}},"/users/sync-status/{provider_name}":{"get":{"tags":["users"],"summary":"Get Sync Status","description":"Get current sync status for a provider.","operationId":"get_sync_status_users_sync_status__provider_name__get","security":[{"OAuth2PasswordBearer":[]}],"parameters":[{"name":"provider_name","in":"path","required":true,"schema":{"type":"string","title":"Provider Name"}}],"responses":{"200":{"description":"Successful Response","content":{"application/json":{"schema":{}}}},"422":{"description":"Validation Error","content":{"application/json":{"schema":{"$ref":"#/components/schemas/HTTPValidationError"}}}}}}},"/users/sync/{provider_name}":{"post":{"tags":["users"],"summary":"Sync Provider","operationId":"sync_provider_users_sync__provider_name__post","security":[{"OAuth2PasswordBearer":[]}],"parameters":[{"name":"provider_name","in":"path","required":true,"schema":{"type":"string","title":"Provider Name"}}],"responses":{"200":{"description":"Successful Response","content":{"application/json":{"schema":{}}}},"422":{"description":"Validation Error","content":{"application/json":{"schema":{"$ref":"#/components/schemas/HTTPValidationError"}}}}}}},"/dashboard/stats":{"get":{"tags":["dashboard"],"summary":"Get Stats","operationId":"get_stats_dashboard_stats_get","responses":{"200":{"description":"Successful Response","content":{"application/json":{"schema":{}}}}},"security":[{"OAuth2PasswordBearer":[]}]}},"/dashboard/evolution/{biomarker_name}":{"get":{"tags":["dashboard"],"summary":"Get Evolution","operationId":"get_evolution_dashboard_evolution__biomarker_name__get","security":[{"OAuth2PasswordBearer":[]}],"parameters":[{"name":"biomarker_name","in":"path","required":true,"schema":{"type":"string","title":"Biomarker Name"}}],"responses":{"200":{"description":"Successful Response","content":{"application/json":{"schema":{}}}},"422":{"description":"Validation Error","content":{"application/json":{"schema":{"$ref":"#/components/schemas/HTTPValidationError"}}}}}}},"/dashboard/biomarkers":{"get":{"tags":["dashboard"],"summary":"Get All Biomarkers","operationId":"get_all_biomarkers_dashboard_biomarkers_get","security":[{"OAuth2PasswordBearer":[]}],"parameters":[{"name":"filter_out_of_range","in":"query","required":false,"schema":{"type":"boolean","default":false,"title":"Filter Out Of Range"}}],"responses":{"200":{"description":"Successful Response","content":{"application/json":{"schema":{}}}},"422":{"description":"Validation Error","content":{"application/json":{"schema":{"$ref":"#/components/schemas/HTTPValidationError"}}}}}}},"/dashboard/recent-biomarkers":{"get":{"tags":["dashboard"],"summary":"Get Recent Biomarkers","description":"Get most recent unique biomarkers for dashboard display.","operationId":"get_recent_biomarkers_dashboard_recent_biomarkers_get","security":[{"OAuth2PasswordBearer":[]}],"parameters":[{"name":"limit","in":"query","required":false,"schema":{"type":"integer","default":5,"title":"Limit"}}],"responses":{"200":{"description":"Successful Response","content":{"application/json":{"schema":{}}}},"422":{"description":"Validation Error","content":{"application/json":{"schema":{"$ref":"#/components/schemas/HTTPValidationError"}}}}}}},"/dashboard/alerts-count":{"get":{"tags":["dashboard"],"summary":"Get Alerts Count","description":"Count biomarkers that are out of normal range.","operationId":"get_alerts_count_dashboard_alerts_count_get","responses":{"200":{"description":"Successful Response","content":{"application/json":{"schema":{}}}}},"security":[{"OAuth2PasswordBearer":[]}]}},"/documents/":{"get":{"tags":["documents"],"summary":"List Documents","operationId":"list_documents_documents__get","responses":{"200":{"description":"Successful Response","content":{"application/json":{"schema":{}}}}},"security":[{"OAuth2PasswordBearer":[]}]}},"/documents/upload":{"post":{"tags":["documents"],"summary":"Upload Document","operationId":"upload_document_documents_upload_post","requestBody":{"content":{"multipart/form-data":{"schema":{"$ref":"#/components/schemas/Body_upload_document_documents_upload_post"}}},"required":true},"responses":{"200":{"description":"Successful Response","content":{"application/json":{"schema":{}}}},"422":{"description":"Validation Error","content":{"application/json":{"schema":{"$ref":"#/components/schemas/HTTPValidationError"}}}}},"security":[{"OAuth2PasswordBearer":[]}]}},"/":{"get":{"summary":"Read Root","operationId":"read_root__get","responses":{"200":{"description":"Successful Response","content":{"application/json":{"schema":{}}}}}}}},"components":{"schemas":{"Body_login_auth_token_post":{"properties":{"grant_type":{"anyOf":[{"type":"string","pattern":"^password$"},{"type":"null"}],"title":"Grant Type"},"username":{"type":"string","title":"Username"},"password":{"type":"string","format":"password","title":"Password"},"scope":{"type":"string","title":"Scope","default":""},"client_id":{"anyOf":[{"type":"string"},{"type":"null"}],"title":"Client Id"},"client_secret":{"anyOf":[{"type":"string"},{"type":"null"}],"format":"password","title":"Client Secret"}},"type":"object","required":["username","password"],"title":"Body_login_auth_token_post"},"Body_upload_document_documents_upload_post":{"properties":{"file":{"type":"string","format":"binary","title":"File"}},"type":"object","required":["file"],"title":"Body_upload_document_documents_upload_post"},"HTTPValidationError":{"properties":{"detail":{"items":{"$ref":"#/components/schemas/ValidationError"},"type":"array","title":"Detail"}},"type":"object","title":"HTTPValidationError"},"LinkedAccountCreate":{"properties":{"provider_name":{"type":"string","title":"Provider Name"},"username":{"type":"string","title":"Username"},"password":{"type":"string","title":"Password"}},"type":"object","required":["provider_name","username","password"],"title":"LinkedAccountCreate"},"Token":{"properties":{"access_token":{"type":"string","title":"Access Token"},"token_type":{"type":"string","title":"Token Type"}},"type":"object","required":["access_token","token_type"],"title":"Token"},"UserCreate":{"properties":{"email":{"type":"string","title":"Email"},"password":{"type":"string","title":"Password"}},"type":"object","required":["email","password"],"title":"UserCreate"},"ValidationError":{"properties":{"loc":{"items":{"anyOf":[{"type":"string"},{"type":"integer"}]},"type":"array","title":"Location"},"msg":{"type":"string","title":"Message"},"type":{"type":"string","title":"Error Type"}},"type":"object","required":["loc","msg","type"],"title":"ValidationError"}},"securitySchemes":{"OAuth2PasswordBearer":{"type":"oauth2","flows":{"password":{"scopes":{},"tokenUrl":"auth/token"}}}}}}